{
    "batch_size": 0.3690023740986572,
    "steps": 0.19350353341875368,
    "n_layers": 0.1263187272887518,
    "d_last": 0.12516475602939772,
    "lr": 0.07523545613266493,
    "num_samples": 0.04854340360894558,
    "d_first": 0.04025027668444106,
    "num_timesteps": 0.021981472738388085
}
