{
    "num_samples": 0.27334556721234504,
    "lr": 0.2210485239349956,
    "steps": 0.20795457841177603,
    "num_timesteps": 0.12650132661512833,
    "n_layers": 0.05388726086293294,
    "d_last": 0.044804110775302185,
    "d_first": 0.04152927278337455,
    "batch_size": 0.03092935940414528
}
