{
    "lr": 0.39741681014163743,
    "steps": 0.3274962444068337,
    "batch_size": 0.0962776527122036,
    "num_samples": 0.08541063369933663,
    "d_first": 0.031510187503913975,
    "n_layers": 0.029572467007088883,
    "d_last": 0.021571493849232053,
    "num_timesteps": 0.01074451067975365
}
